nome,partido,uf,PDC 383/1993,PDC 413/1994,PL 171/1987,PL 3712/1993,PL 4005/1993,PL 4151/1993,PL 4218/1993,PL 4218/1993,PL 4223/1993,PL 4386/1994,PL 4393/1994,PL 4518/1994,PL 4672/1994,PL 4851/1994,PL 4881/1994,PL 68/1991
Félix Mendonça,PTB,BA,0,1,0,0,0,-1,0,0,0,0,1,0,0,1,0,0
Geddel Vieira Lima,PMDB,BA,0,1,-1,0,1,0,0,0,-1,0,0,-1,0,1,0,1
Jairo Carneiro,PFL,BA,1,1,0,-1,0,-1,1,1,1,0,1,0,1,1,1,1
Aroldo Cedraz,PFL,BA,1,1,0,0,0,0,1,1,0,0,1,0,1,0,0,0
José Carlos Aleluia,PFL,BA,0,1,-1,-1,-1,0,1,1,1,0,1,-1,0,1,1,1
Jutahy Junior,PSDB,BA,0,1,1,-1,-1,0,1,1,0,0,1,-1,0,1,1,1
Osório Adriano,PFL,DF,1,1,0,-1,0,0,0,0,-1,1,0,0,0,1,0,1
Rose de Freitas,PSDB,ES,0,1,0,-1,1,1,1,1,-1,0,0,-1,0,0,0,1
Vilmar Rocha,PFL,GO,1,1,-1,-1,0,0,1,0,-1,1,1,0,0,0,1,0
Ronaldo Caiado,PFL,GO,1,1,0,0,1,-1,0,1,-1,1,0,-1,1,0,0,0
Neiva Moreira,PDT,MA,0,0,0,0,1,1,0,1,0,0,0,0,0,0,0,0
Paulo Delgado,PT,MG,-1,1,0,0,0,1,1,1,0,0,-1,1,0,0,0,1
Fernando Diniz,PMDB,MG,1,1,-1,-1,1,0,1,1,0,0,1,0,1,1,0,1
Lael Varella,PFL,MG,1,0,0,1,1,0,0,1,0,0,0,0,0,0,1,1
José Santana de Vasconcellos,PFL,MG,1,1,0,-1,1,0,1,1,0,0,1,0,1,1,1,1
Vittorio Medioli,PSDB,MG,1,0,1,0,1,-1,0,1,0,-1,1,1,1,-1,1,1
Osmânio Pereira,PSDB,MG,-1,1,0,-1,0,1,0,1,-1,-1,1,1,0,-1,1,0
Sérgio Miranda,PCdoB,MG,-1,1,1,-1,-1,0,0,1,-1,0,-1,1,-1,1,-1,0
Wellington Fagundes,PL,MT,1,0,0,0,0,-1,0,1,-1,1,1,1,1,1,1,0
Paulo Rocha,PT,PA,0,0,0,0,-1,1,1,1,-1,0,-1,1,0,0,0,1
Roberto Freire,PPS,PE,0,1,0,0,1,0,0,1,-1,0,0,0,1,0,1,1
Inocêncio Oliveira,PFL,PE,0,1,0,0,0,0,0,0,0,0,0,0,0,0,0,1
Renildo Calheiros,PCdoB,PE,1,0,1,-1,0,0,0,0,-1,0,-1,1,-1,1,-1,1
Mussa Demes,PFL,PI,0,1,0,0,0,0,0,1,1,0,0,0,1,1,1,0
Paes Landim,PFL,PI,0,0,0,0,0,0,0,0,0,0,0,0,0,1,0,0
Ciro Nogueira,PFL,PI,0,0,-1,-1,0,0,0,-1,0,0,0,1,1,1,0,0
Paulo Bernardo,PT,PR,0,0,0,0,-1,0,0,-1,0,0,0,1,0,0,0,0
Moacir Micheletto,PMDB,PR,0,1,0,-1,0,0,0,1,0,0,0,0,1,1,0,1
Abelardo Lupion,PFL,PR,0,1,0,-1,0,0,0,0,0,1,0,0,1,1,1,0
Carlos Santana,PT,RJ,0,0,1,0,-1,0,0,0,-1,0,0,0,0,0,0,0
Jandira Feghali,PCdoB,RJ,0,0,1,-1,-1,0,0,0,-1,0,-1,1,0,1,-1,0
Henrique Eduardo Alves,PMDB,RN,1,0,0,-1,1,0,1,1,-1,0,0,1,1,1,0,1
Luci Choinacki,PT,SC,-1,1,0,0,-1,0,0,0,-1,-1,0,1,0,-1,0,0
Edison Andrino,PMDB,SC,1,0,-1,0,1,0,1,0,-1,0,0,1,1,0,0,1
Michel Temer,PMDB,SP,0,1,-1,0,0,0,0,0,0,1,0,-1,1,1,1,0
Valdemar Costa Neto,PL,SP,1,0,0,0,0,0,0,1,1,1,1,0,1,-1,1,0
Aldo Rebelo,PCdoB,SP,-1,1,0,-1,-1,0,0,0,-1,0,-1,1,0,1,-1,0
Darci Coelho,PFL,TO,0,1,0,0,1,-1,1,1,-1,0,0,-1,0,1,1,0
Olavo Calheiros,PMDB,AL,0,0,0,0,0,0,0,0,0,0,0,0,0,1,0,0
Ariosto Holanda,PSDB,CE,-1,-1,1,-1,0,0,1,1,-1,1,1,1,0,1,1,0
Roberto Jefferson,PTB,RJ,0,0,0,0,0,0,0,0,0,0,1,0,1,0,1,-1
Adão Pretto,PT,RS,-1,0,1,-1,-1,0,0,0,0,0,-1,0,0,0,0,0
Pedro Novais,PMDB,MA,0,1,0,0,0,0,0,-1,0,1,1,0,0,0,0,0
César Bandeira,PFL,MA,1,0,0,0,1,0,1,1,-1,0,1,0,1,0,1,0
Nelson Trad,PTB,MS,0,0,-1,-1,0,-1,1,1,0,0,0,1,1,1,1,1
Adauto Pereira,PFL,PB,1,1,0,-1,0,-1,1,1,0,0,0,0,0,1,1,0
Miguel Arraes,PSB,PE,-1,1,0,0,0,0,1,0,0,0,0,0,0,0,0,0
Nelson Marquezelli,PTB,SP,1,1,0,-1,0,0,1,1,1,1,0,-1,1,1,1,-1
Ney Lopes,PFL,RN,0,0,0,0,0,0,0,0,0,0,1,0,1,1,0,0
Osvaldo Coelho,PFL,PE,1,0,0,-1,0,0,1,0,0,0,0,0,0,0,0,0
José Mendonça Bezerra,PFL,PE,1,0,-1,-1,0,1,0,1,0,0,1,1,0,0,0,0
Sérgio Barcellos,PFL,AP,0,0,0,-1,0,0,0,0,1,0,0,0,1,1,0,0
Giovanni Queiroz,PDT,PA,0,0,0,-1,1,0,-1,0,-1,0,0,1,0,0,1,0
Átila Lins,PFL,AM,0,0,0,0,0,0,1,0,0,0,0,0,0,0,0,0
Freire Júnior,PMDB,TO,0,0,0,0,0,0,1,0,-1,1,0,0,0,-1,0,1
Mauro Fecury,PFL,MA,0,0,0,0,0,0,0,0,0,0,0,0,0,1,1,0
Vivaldo Barbosa,PDT,RJ,1,-1,0,-1,0,1,-1,0,0,0,0,0,0,0,0,0
José Dirceu,PT,SP,-1,0,0,0,-1,1,1,1,-1,-1,-1,1,0,0,0,0
Pinheiro Landim,PMDB,CE,1,0,0,0,0,0,1,1,0,0,1,0,1,1,1,0
João Henrique,PMDB,PI,0,1,-1,-1,1,0,0,1,-1,0,1,0,0,1,1,0
Laíre Rosado,PMDB,RN,1,1,0,-1,1,0,0,1,-1,0,1,0,0,0,0,0
Efraim Morais,PFL,PB,0,1,0,-1,0,0,0,0,0,0,0,0,1,0,1,0
Haroldo Lima,PCdoB,BA,-1,1,1,-1,0,1,0,1,-1,0,0,1,-1,1,-1,0
Jaques Wagner,PT,BA,-1,1,0,-1,-1,0,1,1,0,0,0,1,0,0,0,0
Jorge Khoury,PFL,BA,0,1,0,-1,0,0,1,0,0,1,1,0,0,1,1,1
Luiz Moreira,PFL,BA,1,1,0,-1,0,-1,1,1,0,1,1,-1,0,1,1,1
Aécio Neves,PSDB,MG,0,0,1,0,0,0,0,1,0,0,0,1,0,0,0,0
Nilmário Miranda,PT,MG,0,1,0,-1,-1,0,0,1,0,0,0,0,0,0,0,1
Tilden Santiago,PT,MG,0,1,1,-1,0,0,0,1,-1,0,-1,1,0,0,0,0
Rita Camata,PMDB,ES,1,1,-1,-1,1,0,1,0,0,0,1,-1,0,1,1,0
Aldir Cabral,PFL,RJ,1,1,-1,-1,1,0,0,1,0,0,0,1,0,0,0,0
Arolde de Oliveira,PFL,RJ,1,1,0,-1,0,0,0,0,-1,0,0,0,0,0,0,1
Miro Teixeira,PDT,RJ,0,-1,1,-1,1,1,1,0,-1,1,0,1,0,0,0,0
Rubem Medina,PFL,RJ,0,0,0,-1,0,-1,0,1,1,0,0,1,1,0,0,0
Jorge Tadeu Mudalen,PMDB,SP,1,0,0,0,1,1,0,1,0,0,0,0,0,1,1,0
José Aníbal,PSDB,SP,0,0,0,0,0,0,1,1,1,1,1,1,0,0,0,1
José Genoíno,PT,SP,-1,0,1,-1,-1,1,1,1,-1,-1,-1,1,0,0,0,0
Marcelo Barbieri,PMDB,SP,0,0,0,-1,1,1,1,0,-1,0,0,0,1,0,1,0
Luciano Pizzatto,PFL,PR,1,1,-1,0,0,0,0,1,0,1,0,0,0,0,0,0
Werner Wanderer,PFL,PR,0,1,-1,0,0,0,0,1,0,1,0,-1,0,0,0,1
Germano Rigotto,PMDB,RS,1,1,-1,0,1,1,0,1,0,1,1,1,1,0,1,1
Paulo Paim,PT,RS,-1,1,1,-1,1,0,1,1,-1,0,-1,1,-1,0,0,1
Fioravante,PT,RS,-1,0,1,0,-1,0,0,0,-1,0,0,1,0,0,0,0
Marcos Lima,PMDB,MG,1,1,-1,-1,1,1,1,1,0,1,1,-1,1,0,0,0
Saulo Coelho,PSDB,MG,-1,0,1,-1,-1,0,1,1,0,0,1,1,0,-1,1,0
Wagner Rossi,PMDB,SP,1,0,-1,0,0,0,0,1,0,0,0,0,0,1,0,1
Socorro Gomes,PCdoB,PA,0,0,1,0,-1,0,0,1,0,0,-1,1,-1,0,-1,1
Elias Murad,PSDB,MG,-1,1,-1,-1,1,1,1,1,-1,0,1,1,1,-1,1,0
Edmundo Galdino,PSDB,TO,0,0,0,-1,1,1,0,0,-1,-1,1,-1,1,0,1,0
Valdenor Guedes,PP,AP,0,1,-1,-1,1,0,1,0,-1,1,1,-1,0,1,1,0
Romel Anizio,PP,MG,1,0,0,-1,0,0,0,1,0,0,1,1,1,0,1,0
Vadão Gomes,PP,SP,0,0,0,0,1,0,-1,1,0,0,0,-1,1,1,0,0
José Linhares,PP,CE,1,0,0,-1,1,1,1,0,-1,0,0,0,1,-1,0,0
Derval de Paiva,PMDB,TO,1,1,1,-1,0,1,1,0,-1,0,0,0,0,0,0,0
Francisco Coelho,PFL,MA,0,0,0,0,0,0,0,1,0,0,1,0,0,0,0,0
Aloizio Mercadante,PT,SP,-1,0,0,0,-1,0,1,1,-1,0,-1,0,0,0,0,0
Eraldo Tinoco,PFL,BA,1,1,0,0,0,-1,1,1,-1,-1,1,-1,0,1,0,1
Aracely de Paula,PFL,MG,0,1,-1,-1,1,0,0,1,-1,0,1,-1,1,1,1,0
Genésio Bernardino,PMDB,MG,1,1,0,-1,1,0,0,1,-1,1,0,-1,1,1,1,0
Odelmo Leão,PP,MG,1,0,-1,-1,1,0,1,1,0,0,1,-1,-1,0,1,0
Roberto Magalhães,PFL,PE,0,0,-1,0,0,0,0,1,0,0,1,1,0,0,0,0
Valdir Colatto,PMDB,SC,1,1,0,1,0,0,-1,0,-1,0,0,-1,0,1,1,1
Alceste Almeida,PTB,RR,1,1,0,0,0,0,-1,0,0,0,1,1,-1,1,1,0
Pedro Irujo,PMDB,BA,1,1,-1,-1,-1,1,1,1,-1,0,1,-1,0,-1,1,0
Augusto Carvalho,PPS,DF,-1,1,1,-1,1,1,0,1,-1,0,-1,1,1,-1,0,0
Ibsen Pinheiro,PMDB,RS,0,0,0,0,0,0,0,1,0,0,0,0,0,0,0,0
Benedita da Silva,PT,RJ,-1,1,0,0,-1,1,1,1,0,0,-1,0,0,-1,0,0
Sérgio Brito,PSD,BA,0,0,0,0,0,0,0,0,0,0,1,0,0,0,0,0
Eduardo Jorge,PT,SP,-1,-1,1,-1,-1,0,0,1,-1,0,0,1,-1,0,0,0
Ivanio Guerra,PFL,PR,1,1,-1,0,0,0,1,1,0,0,1,1,1,0,0,1
Sarney Filho,PFL,MA,0,1,0,-1,1,1,0,1,-1,0,1,0,0,1,0,1
Gonzaga Mota,PMDB,CE,0,0,0,0,1,0,1,0,-1,1,0,0,0,0,0,1
Moroni Torgan,PSDB,CE,0,1,1,-1,0,0,0,0,0,0,0,1,1,0,1,1
Átila Lira,PFL,PI,0,0,0,0,0,0,0,0,0,0,0,1,1,0,0,0
Ubiratan Aguiar,PSDB,CE,-1,0,1,-1,0,1,1,1,0,0,1,0,1,0,0,1
Antônio Geraldo,PFL,PE,1,1,-1,1,0,0,0,1,-1,0,1,0,0,0,0,1
José Múcio Monteiro,PFL,PE,1,0,0,0,0,-1,1,0,-1,0,1,0,0,0,0,0
Sergio Guerra,PSB,PE,-1,0,0,0,0,0,1,1,-1,1,0,0,0,1,1,0
Leur Lomanto,PFL,BA,0,1,-1,-1,0,-1,0,1,0,0,0,0,0,1,1,1
Manoel Castro,PFL,BA,0,1,0,0,0,0,1,1,1,0,1,-1,0,1,1,0
Flávio Arns,PSDB,PR,-1,1,0,-1,-1,1,0,1,1,-1,1,0,0,-1,0,0
Luiz Dantas,PSD,AL,0,0,0,0,0,0,0,0,0,0,0,0,0,1,0,0
Luiz Salomão,PDT,RJ,1,-1,0,-1,1,0,0,1,-1,0,1,1,0,0,1,0
Ivandro Cunha Lima,PMDB,PB,1,1,0,0,1,0,0,1,-1,1,1,-1,1,1,1,1
José Luiz Clerot,PMDB,PB,1,1,-1,-1,1,0,-1,0,-1,1,1,-1,1,1,1,0
Wilson Campos,PSDB,PE,-1,1,1,-1,-1,1,0,0,-1,0,1,1,1,1,1,0
Alcides Modesto,PT,BA,-1,1,1,0,-1,1,1,0,-1,0,0,0,0,0,0,1
Ronaldo Perim,PMDB,MG,1,1,-1,-1,1,0,0,1,-1,1,1,1,0,-1,1,0
Sandra Starling,PT,MG,-1,1,0,-1,-1,0,1,1,-1,0,-1,1,0,0,0,1
Israel Pinheiro,PTB,MG,-1,1,0,-1,0,0,1,1,1,0,0,0,0,0,0,0
Cidinha Campos,PDT,RJ,1,0,1,-1,0,0,-1,-1,0,0,0,1,0,0,0,1
Leopoldo Bessone,PTB,MG,0,0,0,0,0,-1,0,0,0,0,1,0,0,1,1,0
Paulo Heslander,PTB,MG,-1,1,0,-1,-1,1,0,0,-1,0,1,0,0,1,-1,1
Philemon Rodrigues,PTB,MG,0,0,0,0,0,0,0,0,0,0,0,0,0,1,1,0
Zaire Rezende,PMDB,MG,1,1,-1,-1,0,1,1,1,-1,1,1,-1,1,1,1,1
Roberto Valadão,PMDB,ES,1,1,0,-1,0,0,1,1,-1,0,1,-1,0,0,-1,0
Sergio Arouca,PPS,RJ,0,1,0,0,1,1,0,1,-1,1,1,1,1,-1,0,1
Fábio Feldmann,PSDB,SP,-1,1,0,-1,0,1,0,1,0,0,0,-1,1,0,1,0
Hélio Bicudo,PT,SP,-1,1,0,0,-1,0,0,1,-1,0,-1,0,0,0,0,0
Koyu Iha,PSDB,SP,-1,0,1,0,0,0,1,0,-1,1,1,0,0,0,1,0
Luiz Gushiken,PT,SP,-1,1,1,-1,0,1,0,0,-1,0,0,1,0,0,0,0
Maluly Netto,PFL,SP,1,1,-1,-1,0,-1,1,0,0,0,1,1,0,1,1,1
Maurício Najar,PFL,SP,0,1,-1,-1,0,0,1,1,0,1,1,0,1,-1,1,1
Tuga Angerami,PSDB,SP,-1,1,1,-1,-1,1,1,1,-1,-1,1,1,1,-1,-1,1
Carlos Nelson,PMDB,SP,1,0,0,0,0,0,0,0,0,0,1,0,0,1,1,0
Rodrigues Palma,PTB,MT,1,1,0,-1,1,-1,1,1,-1,1,1,0,0,1,1,0
Chico Vigilante,PT,DF,0,1,0,-1,0,0,1,0,-1,0,-1,1,-1,0,0,0
Maria Laura,PT,DF,0,0,0,-1,-1,0,0,0,-1,0,-1,1,0,0,0,0
Antonio Ueno,PFL,PR,0,1,0,-1,0,0,0,0,0,0,0,0,0,0,0,0
Neuto de Conto,PMDB,SC,1,0,-1,0,0,0,0,1,-1,0,1,-1,0,0,1,1
Odacir Klein,PMDB,RS,1,1,-1,-1,1,1,1,1,0,1,0,-1,1,1,1,1
Haroldo Sabóia,PT,MA,-1,0,1,-1,0,0,0,0,-1,0,0,1,0,0,0,0
Dércio Knop,PDT,SC,1,0,1,0,0,0,0,0,0,0,1,0,1,0,0,1
Virmondes Cruvinel,PMDB,GO,1,1,-1,0,1,0,1,1,-1,1,1,0,1,0,1,1
João Thomé,PMDB,AM,1,0,-1,0,1,1,1,1,-1,0,1,0,1,1,1,1
Francisco Rodrigues,PTB,RR,0,0,-1,0,0,0,0,0,0,0,1,0,1,0,0,0
Murilo Pinheiro,PFL,AP,1,1,0,-1,1,-1,0,0,-1,1,1,1,1,0,0,0
Antônio Faleiros,PSDB,GO,-1,1,0,-1,0,1,1,1,0,0,0,0,1,-1,1,0
Nelson Proença,PMDB,RS,1,0,-1,-1,0,0,0,0,0,0,0,-1,0,0,0,0
José Egydio,PL,RJ,1,0,-1,-1,0,0,0,1,0,0,0,0,0,0,0,0
Hélio Rosas,PMDB,SP,0,1,0,1,0,0,0,0,0,0,0,-1,0,1,1,0
Mario Martins,PMDB,PA,0,0,0,-1,0,0,0,1,0,0,0,-1,0,1,0,0
Neif Jabur,PMDB,MG,0,1,-1,-1,0,0,1,1,0,0,0,0,1,0,0,1
Fernando Lyra,PSB,PE,0,1,0,0,0,0,0,0,0,0,0,1,0,0,0,0
Benito Gama,PFL,BA,1,0,0,-1,-1,0,0,1,0,0,0,-1,0,1,1,1
Jairo Azi,PFL,BA,0,0,-1,0,0,-1,0,1,0,0,1,-1,1,0,0,0
Fernando Lopes,PDT,RJ,0,0,0,0,0,0,0,0,0,0,0,0,0,0,-1,0
Carlos Cardinal,PDT,RS,1,-1,0,0,0,1,0,1,-1,0,0,1,0,0,1,0
Adroaldo Streck,PSDB,RS,0,1,1,-1,-1,1,0,1,1,0,1,-1,0,-1,0,-1
Valdir Ganzer,PT,PA,0,0,0,0,0,1,0,0,0,0,-1,0,0,0,0,1
Ricardo Fiuza,PFL,PE,0,0,0,0,0,0,0,0,0,0,0,0,0,1,1,0
Alacid Nunes,PFL,PA,1,1,-1,0,-1,-1,1,1,1,1,1,-1,1,1,1,0
Carlos Kayath,PTB,PA,1,0,-1,0,0,0,1,1,0,0,0,1,0,0,-1,-1
Paulo Titan,PMDB,PA,0,1,-1,-1,1,0,1,0,-1,0,0,-1,-1,1,0,1
Beth Azize,PDT,AM,1,0,1,1,0,0,1,0,0,0,0,-1,0,0,0,1
Euler Ribeiro,PMDB,AM,0,0,0,0,1,0,1,0,-1,1,0,0,0,1,0,0
José Dutra,PMDB,AM,0,1,-1,-1,1,0,1,0,-1,0,1,0,1,1,1,1
Maurício Calixto,PFL,RO,-1,1,0,-1,0,-1,0,1,0,0,1,1,1,0,1,1
Ronivon Santiago,PPR,AC,1,0,-1,-1,0,0,0,0,-1,0,0,0,1,1,0,1
José Carlos Saboia,PSB,MA,0,1,1,-1,0,0,0,0,0,0,0,-1,1,-1,0,0
Antonio dos Santos,PFL,CE,0,0,0,0,0,0,1,1,-1,0,0,0,0,1,0,0
Edson Silva,PDT,CE,0,0,1,-1,1,0,1,0,-1,0,1,0,0,0,1,1
Jackson Pereira,PSDB,CE,-1,1,0,0,-1,1,1,1,-1,-1,1,0,0,0,1,1
Marco Penaforte,PSDB,CE,-1,1,0,-1,-1,0,1,1,1,0,1,1,0,-1,0,1
Murilo Rezende,PMDB,PI,1,1,-1,-1,1,0,1,1,-1,0,1,-1,1,1,1,1
Aluizio Alves,PMDB,RN,1,0,0,0,1,0,1,1,-1,0,0,0,0,0,0,0
Vital do Rego,PDT,PB,1,1,1,0,1,0,1,1,-1,0,0,1,1,0,0,0
Rivaldo Medeiros,PFL,PB,0,0,0,-1,0,0,0,1,0,1,1,0,0,0,1,0
Luiz Piauhylino,PSB,PE,-1,1,0,0,-1,0,-1,1,-1,0,-1,-1,1,1,1,1
Maviael Cavalcanti,PFL,PE,1,0,0,-1,0,0,0,1,0,0,0,0,0,0,1,0
Nilson Gibson,PMDB,PE,1,0,0,0,1,0,0,0,-1,0,0,0,0,0,0,1
Roberto França,PSB,PE,-1,1,1,-1,-1,0,0,1,-1,0,1,-1,1,1,0,1
Roberto Torres,PTB,AL,1,0,0,-1,1,-1,0,1,-1,1,1,0,1,1,0,0
Ângelo Magalhães,PFL,BA,1,0,0,-1,0,0,1,1,0,0,1,-1,1,0,0,1
Genebaldo Correia,PMDB,BA,0,0,0,0,0,0,1,0,-1,0,1,0,0,0,0,0
Jabes Ribeiro,PSDB,BA,0,1,1,-1,1,0,1,1,-1,1,-1,0,0,1,0,0
João Almeida,PMDB,BA,1,1,-1,-1,0,0,1,1,1,1,0,-1,1,1,0,1
José Falcão,PFL,BA,1,1,-1,-1,-1,0,1,0,-1,1,0,-1,1,0,1,0
Ribeiro Tavares,PL,BA,1,0,-1,-1,0,0,0,0,0,0,0,0,0,0,1,-1
Luís Eduardo,PFL,BA,-1,1,-1,-1,-1,0,0,1,1,0,1,-1,0,1,1,1
Nestor Duarte,PMDB,BA,1,0,-1,0,1,0,1,-1,0,1,1,0,0,1,0,1
Uldurico Pinto,PSB,BA,-1,0,1,-1,0,0,1,1,-1,0,-1,0,0,0,0,1
Agostinho Valente,PT,MG,-1,1,1,-1,0,1,1,1,0,-1,-1,1,0,0,0,0
Armando Costa,PMDB,MG,1,1,0,0,1,0,0,1,-1,1,1,-1,0,1,1,0
Edmar Moreira,PP,MG,0,0,0,0,0,0,0,0,0,0,1,0,0,0,0,0
Felipe Neri,PMDB,MG,0,0,0,-1,1,0,1,0,0,0,0,0,0,1,1,0
Getúlio Neiva,PL,MG,1,0,0,-1,0,0,0,0,0,1,0,-1,1,0,0,-1
João Paulo,PT,MG,0,1,1,-1,0,0,0,1,-1,0,0,0,0,0,0,0
José Belato,PMDB,MG,0,0,0,-1,1,0,-1,0,0,0,1,0,0,0,0,0
Maurício Campos,PL,MG,1,0,-1,0,1,0,0,1,-1,0,1,0,0,-1,1,-1
Paulino Cícero de Vasconcelos,PSDB,MG,-1,1,1,-1,-1,1,1,1,-1,0,1,0,1,1,1,1
Jorio de Barros,PMDB,ES,0,1,-1,-1,0,0,-1,-1,0,0,1,-1,0,-1,-1,0
Alvaro Valle,PL,RJ,0,-1,0,0,1,-1,0,0,-1,1,0,1,0,-1,1,0
Carlos Alberto Campista,PDT,RJ,1,-1,0,0,1,1,0,0,-1,0,0,1,0,0,0,0
Jamil Haddad,PSB,RJ,-1,1,1,-1,1,0,0,0,-1,0,0,-1,0,0,0,1
Junot Abi-ramia,PDT,RJ,1,-1,1,-1,1,1,0,-1,-1,0,1,1,0,0,0,0
Artur da Tavola,PSDB,RJ,-1,0,1,-1,-1,1,0,1,1,0,1,1,1,-1,0,0
Sandra Cavalcanti,PPR,RJ,1,0,0,0,-1,-1,0,1,1,1,1,0,0,1,1,1
Sérgio Cury,PDT,RJ,0,0,0,0,0,0,0,-1,-1,0,0,1,0,0,1,0
Sidney de Miguel,PV,RJ,-1,1,0,-1,0,0,0,0,0,1,1,1,0,0,0,0
Simão Sessim,PPR,RJ,0,0,-1,-1,0,0,0,0,0,0,0,1,1,0,1,0
Vladimir Palmeira,PT,RJ,-1,1,0,0,-1,0,0,0,-1,0,-1,1,0,0,0,0
Diogo Nomura,PL,SP,1,0,0,0,0,0,0,1,-1,0,1,0,1,1,0,0
Gastone Righi,PTB,SP,0,1,-1,-1,0,-1,0,1,-1,1,0,1,-1,1,1,-1
Geraldo Alckmin Filho,PSDB,SP,-1,1,1,-1,-1,1,1,1,1,0,0,1,1,0,0,1
Irma Passoni,PT,SP,-1,0,0,-1,-1,0,0,1,-1,0,-1,1,0,0,0,0
José Serra,PSDB,SP,-1,1,-1,-1,0,-1,1,1,1,0,1,1,0,0,0,0
Oswaldo Stecca,PMDB,SP,1,1,-1,0,0,1,1,0,0,0,0,1,0,0,1,1
Walter Nory,PMDB,SP,1,1,0,-1,1,1,-1,0,0,0,0,0,0,-1,1,0
João Teixeira,PL,MT,0,1,0,-1,-1,-1,0,0,1,1,0,0,0,-1,1,0
Jonas Pinheiro,PFL,MT,1,1,0,-1,0,-1,0,1,-1,1,1,1,1,1,0,0
João Natal,PMDB,GO,0,1,0,0,1,0,0,0,-1,0,1,0,0,0,0,0
Valter Pereira,PMDB,MS,1,1,-1,-1,0,0,1,1,0,0,1,-1,0,1,-1,1
Elio Dalla-Vecchia,PDT,PR,1,0,0,0,1,1,0,1,0,0,0,0,1,0,0,1
Munhoz da Rocha,PSDB,PR,-1,0,0,0,-1,1,1,1,-1,0,1,-1,0,-1,1,0
Pedro Tonelli,PT,PR,-1,1,1,-1,-1,1,1,0,-1,-1,-1,1,0,0,0,0
Wilson Moreira,PSDB,PR,0,1,1,-1,0,1,1,0,1,-1,1,-1,0,-1,1,0
Dejandir Dalpasquale,PMDB,SC,1,0,0,-1,0,0,1,1,-1,0,1,0,0,1,-1,0
Luiz Henrique,PMDB,SC,1,1,0,-1,0,0,1,1,0,0,1,-1,0,1,1,0
Ivo Mainardi,PMDB,RS,1,1,-1,-1,1,0,1,1,0,0,1,1,0,1,1,0
Mendes Ribeiro,PMDB,RS,1,1,0,0,0,1,1,1,0,0,1,0,0,-1,-1,1
José Fortunati,PT,RS,0,0,1,-1,0,0,0,1,0,-1,-1,1,0,0,-1,1
Valdomiro Lima,PDT,RS,0,0,0,-1,0,1,0,0,-1,0,1,1,1,0,1,0
Wilson Muller,PDT,RS,1,-1,1,-1,0,1,0,-1,-1,1,0,0,0,0,0,0
Eliel Rodrigues,PMDB,PA,0,0,0,0,0,0,0,1,-1,0,1,0,0,0,0,1
Marino Clinger,PDT,RJ,1,-1,0,0,0,0,0,0,-1,1,0,-1,0,0,1,0
Pedro Tassis,PMDB,MG,0,0,0,0,0,0,0,0,0,0,0,0,1,1,1,0
Paulo Ramos,PDT,RJ,0,-1,0,-1,1,0,-1,-1,0,0,1,0,0,0,0,1
Paulo Romano,PSC,MG,0,0,0,0,1,0,0,1,0,0,0,0,0,0,0,0
Eraldo Trindade,PPR,AP,1,1,0,0,1,-1,1,0,-1,0,1,1,0,0,0,0
Lourival Freitas,PT,AP,-1,1,1,-1,-1,1,1,0,-1,-1,-1,1,0,0,0,1
Hilário Coimbra,PTB,PA,1,1,-1,-1,1,0,1,0,-1,0,1,-1,1,1,1,0
Pascoal Novaes,PSD,RO,1,0,0,0,0,0,0,0,0,0,0,0,1,0,1,0
José Burnett,PPR,MA,-1,0,-1,1,1,-1,1,0,-1,0,1,0,0,0,0,-1
Flávio Rocha,PL,RN,0,0,0,0,0,0,0,0,0,0,0,1,0,0,1,0
Augusto Farias,PSC,AL,0,0,-1,-1,0,0,1,0,0,0,0,0,0,0,0,0
José Thomaz Nonô,PMDB,AL,1,0,0,0,1,0,1,0,-1,0,1,-1,1,1,0,0
Wanda Reis,PMDB,RJ,0,1,0,-1,0,0,1,1,0,0,1,0,0,0,0,0
Euclydes Mello,PRN,SP,0,0,-1,0,1,0,1,1,0,0,-1,-1,1,0,0,1
Florestan Fernandes,PT,SP,-1,0,1,-1,0,1,1,1,0,0,-1,0,0,0,0,1
Heitor Franco,PPR,SP,1,0,-1,0,1,-1,0,1,-1,0,1,0,1,-1,1,0
Cardoso Alves,PTB,SP,0,0,-1,0,1,-1,1,1,-1,0,0,-1,0,0,0,0
Robson Tuma,PL,SP,0,1,-1,-1,0,1,-1,0,0,0,0,1,1,-1,1,-1
Lázaro Barbosa,PMDB,GO,1,1,0,0,1,0,0,1,-1,0,0,-1,0,1,1,0
Waldir Guerra,PFL,MS,1,1,-1,-1,-1,0,0,1,1,0,0,0,0,0,0,0
Edésio Passos,PT,PR,-1,1,1,-1,-1,0,0,1,-1,0,-1,1,0,0,0,1
Max Rosenmann,PDT,PR,0,1,0,0,1,0,0,1,-1,-1,0,0,0,0,0,0
João Fagundes,PMDB,RR,1,0,-1,-1,0,0,0,0,-1,0,1,0,0,1,0,0
Marcelo Luz,PP,RR,1,0,-1,0,1,1,0,0,0,0,1,-1,1,0,0,1
Ruben Bento,PFL,RR,1,1,0,-1,0,1,1,0,0,0,1,1,1,-1,0,1
Gilvan Borges,PMDB,AP,0,0,0,0,0,0,0,0,-1,0,0,0,0,-1,0,0
Domingos Juvenil,PMDB,PA,1,1,-1,0,1,-1,1,0,-1,0,1,-1,1,1,0,0
Gerson Peres,PPR,PA,1,1,-1,0,1,0,1,1,-1,0,1,-1,1,1,0,1
Osvaldo Melo,PPR,PA,0,0,0,0,0,0,0,1,0,0,0,0,0,0,0,0
Ézio Ferreira,PFL,AM,1,1,0,0,0,0,1,1,0,0,1,-1,0,1,1,0
Reditário Cassol,PP,RO,1,0,0,-1,1,0,1,1,0,0,1,0,1,0,0,1
Adelaide Neri,PMDB,AC,0,0,0,-1,1,0,1,0,-1,0,0,0,0,1,0,0
Mauri Sergio,PMDB,AC,0,0,-1,0,1,0,0,0,-1,0,1,0,0,1,1,0
Daniel Silva,PPR,MA,0,0,0,0,1,0,0,0,-1,0,0,0,0,0,0,1
Eduardo Matias,PP,MA,0,0,0,0,0,0,1,1,0,1,1,-1,1,0,1,1
Nan Souza,PP,MA,-1,0,0,-1,0,0,0,0,-1,0,0,0,1,1,1,0
José Reinaldo,PFL,MA,1,1,-1,0,1,0,0,1,-1,0,0,0,0,1,0,0
Carlos Benevides,PMDB,CE,0,0,0,0,0,0,1,0,-1,0,1,0,0,0,0,0
Carlos Virgílio,PPR,CE,0,1,0,0,0,0,0,0,0,0,0,0,0,1,0,0
Jesus Tajra,PFL,PI,1,1,-1,1,0,0,1,1,0,0,0,1,1,1,1,0
José Luiz Maia,PPR,PI,0,1,-1,1,0,0,0,1,0,0,1,-1,1,1,1,0
João Faustino,PSDB,RN,0,0,0,-1,-1,0,0,0,-1,-1,1,0,1,0,0,1
Evaldo Gonçalves,PFL,PB,0,0,-1,0,0,0,1,1,0,0,0,1,1,0,1,0
Zuca Moreira,PMDB,PB,1,1,-1,-1,1,0,1,1,-1,0,1,-1,0,0,0,0
José Carlos Vasconcellos,PRN,PE,0,0,0,0,0,0,1,1,-1,0,1,0,0,1,1,0
Salatiel Carvalho,PP,PE,0,1,0,-1,1,0,0,0,-1,0,0,1,0,1,0,0
Mendonça Neto,PDT,AL,0,1,0,0,0,0,0,0,0,0,0,0,0,0,0,0
Benedito de Figueiredo,PDT,SE,0,0,1,-1,1,0,1,0,-1,1,1,0,-1,0,1,0
Jerônimo Reis,PMN,SE,0,1,0,0,1,0,1,1,0,0,0,0,0,0,1,0
Cleonâncio Fonseca,PPR,SE,0,0,0,0,0,0,1,1,0,1,0,0,0,1,0,0
Evaraldo de Oliveira,PFL,SE,1,0,0,0,-1,-1,0,0,0,0,1,0,1,0,0,1
Messias Gois,PFL,SE,0,1,0,-1,-1,0,1,1,1,0,1,-1,1,1,1,0
Beraldo Boaventura,PSDB,BA,0,1,0,-1,-1,1,1,0,-1,0,1,-1,1,-1,0,1
Clóvis Assis,PSDB,BA,1,0,1,-1,0,0,1,1,0,0,1,-1,1,-1,0,-1
Jonival Lucas,PFL,BA,0,0,0,0,0,-1,0,0,0,0,1,0,0,0,0,0
José Lourenço,PPR,BA,0,1,0,0,0,0,1,1,0,0,1,0,1,0,0,0
Prisco Viana,PPR,BA,0,1,1,1,0,-1,1,0,-1,0,1,-1,1,1,1,0
Marcos Medrado,PP,BA,1,1,0,0,0,0,1,1,0,0,1,0,0,0,1,-1
Sérgio Gaudenzi,PSDB,BA,-1,1,1,-1,-1,1,1,1,-1,1,-1,-1,0,0,1,1
Aloisio Vasconcelos,PMDB,MG,0,1,-1,0,0,0,1,0,-1,0,1,0,0,0,0,0
Avelino Costa,PPR,MG,0,0,0,1,0,0,0,0,0,0,0,0,0,0,0,1
Humberto Souto,PFL,MG,0,1,-1,-1,0,0,0,1,1,1,0,1,1,1,0,-1
Irani Barbosa,PSD,MG,0,0,0,0,0,-1,0,0,0,0,0,0,0,0,0,1
José Geraldo,PMDB,MG,0,1,0,-1,0,-1,1,0,0,0,1,0,0,0,0,0
Tarcísio Delgado,PMDB,MG,1,0,-1,0,1,1,1,0,-1,1,0,-1,0,1,1,0
Samir Tannus,PPR,MG,1,1,0,0,1,0,1,0,-1,0,1,0,0,1,1,0
Wilson Cunha,PTB,MG,1,0,0,0,1,0,1,0,-1,0,0,0,1,-1,0,0
Etevalda Grassi de Menezes,PTB,ES,1,1,-1,-1,1,0,1,1,-1,0,1,-1,1,1,1,0
Jones Santos Neves,PL,ES,0,0,0,0,0,0,0,1,-1,0,1,1,0,-1,1,-1
Nilton Baiano,PMDB,ES,1,0,-1,-1,0,0,0,1,0,0,1,-1,0,1,1,0
Carlos Lupi,PDT,RJ,1,-1,1,-1,1,1,-1,-1,-1,0,1,1,0,0,0,1
Fábio Raunheitti,PTB,RJ,0,0,0,0,0,0,0,1,0,0,0,0,0,0,0,0
Amaral Netto,PPR,RJ,1,1,-1,0,0,0,1,1,0,0,0,0,0,0,0,0
Jair Bolsonaro,PPR,RJ,1,-1,-1,1,1,0,1,1,-1,1,0,-1,0,-1,0,1
José Vicente Brizola,PDT,RJ,0,0,1,0,0,0,-1,-1,0,0,1,0,0,0,0,0
Nelson Bornier,PL,RJ,-1,0,0,-1,-1,0,0,1,0,0,1,0,0,-1,0,-1
Laprovita Vieira,PP,RJ,0,0,-1,0,1,0,1,1,0,0,0,0,0,0,1,0
Francisco Silva,PP,RJ,0,0,0,0,0,0,0,0,0,0,1,-1,0,1,1,0
Paulo de Almeida,PSD,RJ,0,0,0,0,0,-1,0,1,-1,0,0,1,1,0,0,0
Paulo Portugal,PP,RJ,1,0,0,0,0,0,-1,0,0,0,0,-1,1,1,1,0
Regina Gordilho,PRONA,RJ,0,0,0,0,0,0,0,1,0,0,0,0,0,0,0,0
Alberto Haddad,PP,SP,1,1,-1,-1,0,0,0,1,0,0,1,0,1,0,0,0
Ernesto Gradella,PSTU,SP,0,-1,1,-1,-1,0,-1,0,-1,-1,-1,1,0,0,0,-1
Fausto Rocha,PL,SP,1,-1,-1,-1,0,0,0,1,0,0,0,0,0,-1,0,0
Liberato Caboclo,PDT,SP,1,1,0,-1,0,0,0,1,-1,1,0,0,0,0,0,1
José Maria Eymael,PPR,SP,1,1,0,0,0,0,0,0,0,0,0,1,1,1,1,0
Luiz Carlos Santos,PMDB,SP,0,0,0,-1,0,0,1,0,0,0,0,1,0,1,1,0
Maurici Mariano,PMDB,SP,1,0,-1,-1,0,1,1,1,0,0,0,0,0,1,0,1
Beto Mansur,PPR,SP,1,1,0,1,1,-1,0,1,-1,1,0,1,0,0,1,0
Tadashi Kuriki,PPR,SP,1,1,0,1,1,-1,1,1,-1,1,0,-1,0,0,1,0
Augustinho Freitas,PP,MT,0,0,0,0,0,0,-1,1,0,1,0,-1,1,0,1,1
Sigmaringa Seixas,PSDB,DF,-1,0,1,-1,0,1,1,1,0,0,1,1,0,0,0,1
Délio Braz,PFL,GO,0,0,-1,0,0,0,0,0,0,0,-1,0,1,-1,-1,0
Haley Margon,PMDB,GO,0,0,0,0,1,0,1,1,-1,0,1,0,0,1,1,0
Paulo Mandarino,PPR,GO,1,1,-1,0,1,0,1,0,0,0,1,-1,1,0,0,0
Pedro Abrão,PTB,GO,0,0,0,-1,0,1,0,0,0,1,0,0,1,1,1,0
Elisio Curvo,PTB,MS,1,0,-1,0,0,0,0,1,0,1,0,0,1,0,1,-1
George Takimoto,PFL,MS,0,0,0,1,0,0,1,1,1,0,1,0,0,-1,-1,0
José Elias,PTB,MS,0,1,0,0,0,0,0,1,0,0,0,0,1,1,0,0
Marilu Guimarães,PFL,MS,1,0,0,0,0,-1,1,0,0,0,1,0,0,1,0,1
Antônio Barbara,PMDB,PR,0,0,-1,-1,-1,0,0,1,0,0,1,1,0,0,0,1
Basílio Villani,PPR,PR,0,0,0,1,1,0,0,0,-1,0,0,-1,1,-1,0,0
Pinga Fogo de Oliveira,PDT,PR,1,0,0,0,1,0,0,0,0,0,0,0,0,0,0,0
Carlos Roberto Massa,PTB,PR,0,1,0,-1,1,-1,0,1,0,0,1,0,0,0,0,0
Carlos Scarpelini,PP,PR,1,0,-1,-1,1,1,0,1,0,1,1,-1,1,0,0,0
Delcino Tavares,PP,PR,1,0,0,0,0,1,0,1,0,0,1,-1,1,0,-1,0
Edi Siliprandi,PSD,PR,1,0,0,0,0,-1,-1,-1,0,1,0,0,0,0,0,1
Joni Varisco,PMDB,PR,1,1,-1,0,1,1,1,1,0,0,0,0,1,0,1,0
Luiz Carlos Hauly,PP,PR,1,1,0,-1,0,0,-1,0,1,1,1,-1,1,1,0,-1
Mathues Iensen,PSD,PR,1,0,0,0,0,0,0,1,0,0,0,0,0,0,0,0
Otto Cunha,PPR,PR,1,1,0,0,1,0,1,0,0,1,0,-1,1,-1,1,0
Reinhold Stephanes,PFL,PR,1,1,0,1,0,0,1,1,-1,0,0,-1,1,0,1,0
Renato Johnsson,PP,PR,0,1,0,0,1,0,0,1,0,0,0,0,1,1,0,0
Hugo Biehl,PPR,SC,1,1,0,1,1,0,0,0,0,1,0,0,1,0,0,0
Paulo Duarte,PPR,SC,1,0,0,1,1,0,0,1,-1,0,0,0,1,-1,1,1
Ruberval Pilotto,PPR,SC,0,0,0,0,0,-1,1,1,0,0,1,0,0,0,0,1
Fetter Junior,PPR,RS,1,1,-1,1,0,-1,0,0,1,0,1,-1,0,-1,-1,1
Adylson Motta,PPR,RS,0,0,-1,1,0,-1,0,1,-1,1,1,0,1,0,0,0
Amaury Muller,PDT,RS,0,0,1,0,1,1,0,0,-1,0,1,1,1,0,0,0
Arno Magarinos,PPR,RS,0,1,-1,-1,0,0,1,0,0,0,1,-1,1,0,0,1
Eden Pedroso,PT,RS,0,0,1,-1,-1,1,0,1,-1,0,-1,1,0,0,0,1
João de Deus Antunes,PPR,RS,0,0,0,0,1,0,0,1,-1,0,1,-1,1,1,0,0
Luis Roberto Ponte,PMDB,RS,1,1,-1,-1,0,0,1,1,0,0,1,-1,0,1,1,0
Nelson Jobim,PMDB,RS,0,0,-1,-1,0,0,0,0,1,0,1,1,1,1,0,0
Osvaldo Bender,PPR,RS,1,0,0,0,0,0,1,1,0,0,1,0,0,0,0,0
Felipe Mendes,PPR,PI,1,0,0,0,0,0,1,0,-1,0,1,0,0,0,0,0
José Felinto,PP,PR,1,0,0,0,0,0,0,0,0,0,0,0,0,0,0,0
Laerte Bastos,PSDB,RJ,-1,1,0,-1,-1,0,0,1,1,0,0,1,0,0,0,0
Orlando Pacheco,PSD,SC,0,1,-1,1,1,-1,0,0,0,0,0,0,1,1,0,0
José Ulisses de Oliveira,PTB,MG,1,0,-1,-1,0,0,1,1,-1,0,1,-1,0,0,0,1
Eduardo Mascarenhas,PSDB,RJ,0,0,0,0,-1,0,0,0,1,0,0,0,0,0,0,0
Hilário Braun,PMDB,RS,0,0,0,0,0,0,0,0,0,0,0,1,1,0,1,0
Paulo Novaes,PMDB,SP,1,1,0,-1,0,0,1,0,0,0,1,-1,0,1,1,0
Luciano Castro,PPR,RR,1,1,0,0,0,0,1,0,-1,1,0,0,0,-1,0,0
Deni Schwartz,PSDB,PR,-1,1,1,0,0,1,1,1,1,-1,1,-1,0,0,1,0
Luiz Máximo,PSDB,SP,-1,1,1,-1,-1,0,1,1,0,0,1,1,0,-1,1,1
José Abrão,PSDB,SP,0,1,1,-1,-1,-1,1,1,1,-1,1,1,0,-1,1,1
Helvécio Castello,PT,ES,-1,1,1,0,-1,0,1,1,0,-1,-1,1,0,0,0,1
Armando Pinheiro,PPR,SP,1,1,0,0,1,0,0,1,0,0,1,-1,0,0,0,0
Chafic Farhat,PPR,SP,0,0,0,0,0,0,1,0,0,0,0,0,0,0,0,1
Armando Viola,PMDB,ES,1,1,-1,-1,1,0,1,1,-1,0,0,-1,0,1,0,1
Ricardo Correa,PL,MT,1,0,0,0,0,-1,0,1,1,0,1,0,0,0,0,1
Iberê Ferreira,PFL,RN,0,1,0,0,0,0,1,1,0,1,1,0,1,0,1,0
Pedro Corrêa,PFL,PE,1,0,0,0,0,0,0,1,1,0,0,1,1,0,0,0
José Jorge,PFL,PE,1,1,0,0,0,0,1,1,1,0,0,0,0,1,0,1
José Rezende,PTB,MG,0,1,-1,-1,0,0,0,0,0,1,0,0,1,1,1,0
Bonifácio de Andrada,PTB,MG,0,1,-1,-1,0,0,0,0,0,1,0,-1,-1,1,1,0
Ibrahim Abi-Ackel,PPR,MG,1,1,-1,0,1,-1,1,0,-1,1,1,-1,0,0,0,1
Roberto Brant,PTB,MG,0,1,-1,-1,0,0,0,0,0,0,0,1,0,0,0,0
Marcia Cibilis Viana,PDT,RJ,0,0,0,0,0,1,0,0,-1,0,1,0,0,0,0,0
Alberto Goldman,PMDB,SP,0,1,0,0,1,1,0,1,1,0,0,0,1,1,1,1
Arnaldo Faria de Sá,PPR,SP,0,0,-1,-1,0,0,0,0,0,1,0,-1,1,0,0,0
Ary Kara,PMDB,SP,1,0,0,0,0,0,0,1,0,0,1,-1,0,1,0,0
Francisco Dornelles,PPR,RJ,0,0,0,0,1,0,0,0,-1,0,1,0,0,0,1,0
Roberto Campos,PPR,RJ,0,0,0,0,0,0,0,1,0,0,1,-1,0,-1,0,0
Telmo Kirst,PPR,RS,1,1,0,1,1,-1,0,1,0,0,0,-1,1,0,1,0
Costa Ferreira,PP,MA,0,1,-1,-1,1,0,0,1,-1,0,1,-1,0,1,0,1
Jayme Santana,PSDB,MA,-1,0,0,-1,-1,0,0,1,-1,0,1,0,0,0,0,0
Zila Bezerra,PMDB,AC,-1,0,-1,-1,0,1,1,1,0,1,1,-1,-1,1,1,0
Pauderney Avelino,PPR,AM,0,0,-1,-1,0,0,-1,1,-1,1,0,0,0,1,0,1
Sergio Naya,PP,MG,0,0,0,-1,0,0,0,1,0,0,0,0,0,1,1,1
Fátima Pelaes,PFL,AP,1,1,-1,-1,1,0,0,0,-1,1,1,0,0,1,0,0
Mario Chermont,PP,PA,1,0,0,0,1,0,0,1,0,0,1,0,0,1,0,0
Ricardo Moraes,PSB,AM,0,1,-1,0,-1,0,-1,1,0,0,0,0,0,0,0,0
João Maia,PP,AC,0,0,0,-1,1,0,0,0,-1,0,0,-1,1,1,0,0
Paulo Mourão,PPR,TO,1,0,0,1,0,-1,1,1,0,0,0,0,0,0,0,0
João Rodolfo,PPR,MA,1,1,-1,1,1,0,1,1,-1,0,1,-1,1,0,0,0
Ricardo Murad,PSD,MA,0,0,0,0,0,0,0,1,0,0,0,0,0,0,0,0
Roseana Sarney,PFL,MA,0,0,0,0,0,0,1,1,0,0,0,0,0,0,0,0
Aécio de Borba,PPR,CE,0,1,0,1,0,0,1,0,-1,1,1,1,1,0,0,0
B. Sá,PP,PI,1,1,-1,-1,1,1,0,1,-1,1,1,-1,1,1,1,0
Paulo Silva,PSDB,PI,0,0,1,-1,0,0,0,1,0,1,-1,-1,1,1,1,0
Fernando Freire,PPR,RN,1,0,0,0,0,0,0,0,0,0,1,0,0,0,1,0
José Maranhão,PMDB,PB,0,1,0,0,0,0,0,1,-1,0,1,0,0,1,1,1
Alvaro Ribeiro,PSB,PE,-1,1,1,0,-1,1,1,0,-1,0,-1,0,1,1,1,1
Gustavo Krause,PFL,PE,0,0,0,0,0,0,0,0,-1,0,0,0,0,0,0,0
Maurilio Ferreira Lima,PSDB,PE,1,1,0,-1,1,0,0,0,0,0,0,0,0,1,1,1
Cleto Falcão,PSD,AL,0,0,-1,0,0,0,0,0,0,0,0,0,0,0,0,0
José Teles,PPR,SE,1,1,-1,0,0,0,0,1,0,0,1,0,1,1,1,1
Waldir Pires,PSDB,BA,-1,1,1,-1,0,1,1,1,-1,0,1,-1,0,0,0,1
João Carlos Bacelar,PSC,BA,0,0,-1,0,0,0,0,0,0,0,0,0,1,0,0,0
José Aldo,PTB,MG,0,1,0,0,1,0,0,0,-1,0,0,0,0,0,0,0
Raul Belém,PP,MG,0,0,0,0,0,0,0,1,0,0,0,0,1,1,1,-1
Wagner do Nascimento,PP,MG,0,1,0,-1,0,0,0,0,-1,0,0,0,-1,1,1,0
João Mendes,PTB,RJ,1,0,0,-1,0,0,0,1,0,0,0,0,0,1,1,0
Delfim Netto,PPR,SP,0,0,-1,0,0,0,1,0,-1,0,0,0,0,0,0,0
Cunha Bueno,PPR,SP,1,0,0,0,0,-1,0,0,0,0,1,-1,0,0,0,0
José Cicote,PT,SP,0,0,0,-1,0,0,1,1,0,0,-1,1,0,0,0,1
Marcelino Romano Machado,PPR,SP,1,0,-1,1,1,-1,0,0,-1,1,0,1,1,-1,1,1
Benedito Domingos,PP,DF,1,1,0,-1,0,0,0,0,1,0,0,-1,1,1,0,1
Jofran Frejat,PP,DF,0,1,0,-1,0,0,0,0,-1,0,0,0,0,0,1,0
Maria Valadão,PPR,GO,1,1,-1,0,1,0,0,0,-1,0,1,-1,1,0,0,1
Mauro Borges,PP,GO,1,0,0,0,0,0,0,1,1,0,1,0,0,0,0,0
Roberto Balestra,PPR,GO,1,1,0,0,0,0,0,0,0,0,0,0,0,0,0,0
Flávio Derzi,PP,MS,0,1,0,0,1,1,0,1,-1,1,1,1,1,1,0,0
Angela Amin,PPR,SC,0,1,0,0,1,0,1,0,-1,0,1,-1,0,0,1,0
Cesar Souza,PFL,SC,0,0,-1,-1,0,-1,1,0,0,0,0,0,0,0,1,0
Vasco Furlan,PPR,SC,0,1,-1,0,1,0,0,1,0,0,1,1,1,-1,0,0
Carlos Azambuja,PPR,RS,0,0,0,0,0,0,0,0,-1,0,1,-1,0,-1,0,0
Fernando Carrion,PPR,RS,0,0,0,1,1,0,1,0,0,0,0,0,1,0,0,0
Victor Faccioni,PPR,RS,1,1,-1,0,1,0,0,0,-1,0,1,0,0,0,0,0
Roberto Rollemberg,PMDB,SP,1,0,1,0,0,0,0,0,-1,0,1,1,0,0,0,1
Camilo Machado,PTB,MG,1,1,0,0,0,0,0,1,0,0,0,0,0,0,1,0
Annibal Teixeira,PP,MG,0,0,0,0,0,-1,0,1,0,1,1,0,0,0,0,0
Tourinho Dantas,PFL,BA,0,1,-1,0,-1,0,0,1,0,0,1,0,0,1,1,0
Paulo Cesar de Oliveira Lima,PSC,SP,1,0,0,0,0,0,0,0,0,0,1,0,0,0,0,0
Sérgio Ferrara,PDT,MG,1,0,0,0,1,0,0,0,0,0,0,0,0,0,0,0
Lezio Sathler,PSDB,ES,1,1,1,0,0,1,1,1,-1,1,1,1,0,0,0,0
Homero Oguidó,PMDB,PR,0,1,-1,0,0,0,0,0,0,0,0,-1,1,1,1,0
Aroldo Góes,PDT,AP,0,0,0,0,0,0,0,0,-1,0,0,0,1,1,1,0
Daniel Silva,PFL,MA,0,0,-1,0,0,0,0,1,0,0,1,0,0,1,1,0
Mauro Sampaio,PSDB,CE,0,0,0,0,0,0,0,0,-1,0,0,0,0,0,0,0
Luiz Pontes,PSDB,CE,-1,0,1,0,0,1,0,1,0,0,1,0,0,0,0,0
Orlando Bezerra,PFL,CE,1,0,0,0,-1,0,1,1,1,0,0,0,0,0,0,0
Vicente Fialho,PFL,CE,0,0,0,-1,0,0,1,1,0,0,0,1,1,1,1,0
Vitório Malta,PPR,AL,0,0,0,0,1,0,0,1,0,0,1,0,1,0,0,0
Pedro Valadares,PP,SE,0,1,0,0,1,0,-1,1,-1,0,1,0,0,0,1,1
João Mellão Neto,PL,SP,0,1,0,0,0,0,0,0,0,0,0,0,0,0,1,0
Mauro Miranda,PMDB,GO,1,1,0,0,0,0,0,1,0,0,0,0,0,1,0,0
Nelson Morro,PFL,SC,1,1,0,0,-1,0,0,0,0,0,0,0,0,0,0,0
Edésio Frias,PDT,RJ,0,0,0,0,1,0,0,0,-1,0,0,0,0,0,0,0
Luiz Girão,PDT,CE,1,0,0,-1,1,0,1,1,0,0,1,0,0,0,0,0
Gilson Machado,PFL,PE,0,0,0,-1,0,0,0,0,0,0,1,0,1,0,0,0
Luiz Soyer,PMDB,GO,0,0,0,0,1,0,0,1,-1,0,1,0,0,0,0,0
Júlio Cabral,PP,RR,1,0,0,0,0,0,0,0,0,0,1,0,0,0,0,0
Merval Pimenta,PMDB,TO,1,1,-1,-1,1,0,0,0,-1,1,1,-1,1,0,0,0
Ernani Viana,PP,CE,1,1,-1,0,0,0,1,0,0,0,1,0,0,0,0,1
Etevaldo Nogueira,PFL,CE,1,0,0,0,0,0,0,1,1,0,0,0,0,1,0,0
Francisco Evangelista,PPR,PB,1,1,1,0,1,0,0,1,-1,0,0,0,0,1,0,0
Ivan Burity,PFL,PB,1,1,0,0,1,0,-1,1,-1,0,0,0,0,0,0,0
Luiz Viana Neto,PFL,BA,1,0,0,-1,0,-1,0,1,0,0,1,0,0,0,1,0
Mário de Oliveira,PP,MG,1,0,0,0,0,0,1,1,0,0,1,-1,0,0,0,0
José Carlos Coutinho,PDT,RJ,1,0,0,-1,0,0,0,0,0,0,0,0,0,0,0,0
Wanda Reis,PSD,RJ,1,0,0,0,0,0,0,0,-1,0,0,0,0,0,0,0
Fábio Meirelles,PPR,SP,1,1,0,0,0,0,1,0,0,0,1,0,0,0,0,0
Mendes Botelho,PP,SP,1,0,-1,0,0,0,0,1,0,0,1,0,0,0,0,0
José Augusto Curvo,PMDB,MT,1,0,0,0,0,0,-1,1,0,0,0,0,0,0,0,0
Aldo Pinto,PDT,RS,1,-1,0,-1,1,0,0,0,-1,0,0,1,-1,0,1,0
Antônio Britto,PMDB,RS,1,1,0,-1,0,0,1,0,0,0,0,0,0,0,0,0
Celso Bernardi,PPR,RS,1,1,0,0,1,0,0,1,-1,0,1,0,0,0,0,0
Carrion Júnior,PDT,RS,1,0,1,0,0,0,0,0,-1,1,0,1,-1,0,1,0
Aparício Carvalho,PSDB,RO,-1,1,1,-1,1,1,0,1,1,0,1,1,0,0,0,1
Hermínio Calvinho,PMDB,PA,0,1,-1,-1,1,0,1,1,0,1,-1,0,1,1,0,1
Manoel Ribeiro,PMDB,PA,0,1,0,0,0,0,0,0,0,0,0,0,1,1,1,0
Carlos Camurca,PP,RO,0,1,0,0,0,0,0,1,0,0,1,0,0,1,0,0
Célia Mendes,PPR,AC,0,1,0,0,1,0,0,0,-1,0,1,0,0,0,0,1
Leomar Quintanilha,PPR,TO,0,1,0,-1,1,1,0,1,-1,0,0,-1,0,1,1,0
Maria Luiza Fontenele,PSTU,CE,0,1,1,0,-1,0,0,0,0,0,-1,0,0,0,0,0
Nilson Gibson,PMN,PE,0,0,1,-1,0,1,1,1,0,0,0,1,0,0,0,0
Waldeck Ornelas,PFL,BA,0,1,0,0,0,0,0,0,0,0,0,-1,0,1,1,0
Mario Assad,PFL,MG,0,1,-1,-1,0,0,0,0,0,0,0,-1,1,1,1,0
Naphtali Alves de Souza,PMDB,GO,0,1,-1,-1,0,0,0,0,0,1,0,-1,0,1,0,0
Jarvis Gaidzinski,PPR,SC,0,1,-1,0,0,0,0,0,0,1,1,0,0,0,0,0
Paulo Bauer,PPR,SC,0,1,0,1,0,0,0,0,0,1,0,-1,0,-1,0,0
Joaquim Sucena,PTB,MT,0,1,0,0,0,0,0,0,0,1,0,0,0,1,1,0
Marcos Formiga,PSDB,RN,0,1,1,-1,0,0,0,0,0,-1,0,0,1,1,1,0
Carlos Sant'anna,PP,BA,0,1,-1,-1,0,0,0,0,0,1,0,-1,0,1,1,0
Eurico Ribeiro,PPR,MA,0,1,-1,1,0,0,0,0,0,0,0,-1,1,0,0,0
José Diogo,PP,PA,0,0,-1,0,1,0,0,1,-1,0,1,1,0,0,0,0
Osvaldo Reis,PP,TO,0,0,-1,0,0,0,1,0,0,0,0,-1,0,1,1,0
Mauro Sampaio,PMDB,CE,0,0,-1,0,1,0,1,1,0,0,0,0,1,1,0,0
Djenal Gonçalves,PSDB,SE,0,0,1,-1,-1,0,0,1,0,0,1,0,1,1,1,0
Pedro Pavão,PPR,SP,0,0,0,0,0,-1,1,0,-1,0,1,-1,0,0,1,0
Sergio Spada,PP,PR,0,0,0,0,0,1,1,1,0,0,0,0,0,0,0,0
Nicias Ribeiro,PMDB,PA,0,0,-1,0,0,0,0,0,0,0,1,-1,1,1,1,0
Francisco Diógenes,PMDB,AC,0,0,0,0,0,0,0,0,0,0,0,0,0,0,1,0
Vital do Rego,S.Part.,PB,0,0,0,0,0,0,0,0,0,0,0,0,0,1,0,0
Flávio Palmier da Veiga,PSDB,RJ,0,0,0,-1,0,0,0,0,1,0,1,1,0,-1,0,1
Antônio Morimoto,PPR,RO,0,0,0,0,0,0,0,0,0,0,0,-1,1,-1,1,0
Ervin Bonkoski,PTB,PR,0,0,-1,0,0,0,0,1,0,0,1,0,0,0,0,0
Expedito Rafael,PMN,RO,0,0,1,0,0,0,0,0,0,1,0,-1,1,-1,0,0
Messias Soares,PDT,RJ,0,0,0,0,0,0,0,0,0,0,0,1,0,1,0,0
Lúcia Braga,PDT,PB,0,0,0,0,0,0,0,-1,0,0,0,0,0,0,0,0
Sérgio Machado,PSDB,CE,0,0,0,0,0,0,1,1,1,0,0,1,0,0,1,1
Paulo Octávio,PRN,DF,0,0,0,0,0,0,0,1,0,0,0,-1,0,0,0,-1
Avenir Rosa,PP,RR,0,0,0,-1,0,0,0,0,0,0,0,0,0,-1,0,0
Edison Fidelis,PP,RO,0,0,0,0,1,0,0,0,0,0,0,0,0,0,0,0
João Tota,PPR,AC,0,0,0,0,0,0,0,0,0,0,0,0,1,0,0,0
Lúcia Vânia,PP,GO,0,0,0,0,0,0,0,0,0,0,0,0,0,1,0,0
João Alves,PPR,BA,0,0,0,0,0,0,0,1,0,0,0,0,0,0,0,0
Oscar Travassos,PL,MT,0,0,0,0,0,0,1,0,-1,0,1,0,0,0,0,1
João Brochado,PP,DF,0,0,0,0,0,0,0,1,0,0,0,0,0,0,0,0
Ricardo Moraes,S.Part.,AM,0,0,0,0,0,0,0,0,-1,0,0,0,0,0,0,0
Pedro Novais,PSD,MA,0,0,0,0,0,0,0,0,1,0,0,0,0,0,0,0
Maria Luiza Fontenele,S.Part.,CE,0,0,0,0,0,0,0,0,-1,0,0,0,0,0,0,0
Djenal Gonçalves,PPR,SE,0,0,0,0,0,0,0,0,-1,0,0,0,0,0,0,0
Jonival Lucas,PSD,BA,0,0,0,0,0,0,0,0,-1,0,0,0,0,0,0,0
Helvécio Castello,PSDB,ES,0,0,0,0,0,0,0,0,-1,0,0,0,0,0,0,0
Sérgio Ferrara,PMDB,MG,0,0,0,0,0,0,0,0,-1,0,0,0,0,0,0,0
Paulo Octávio,PTB,DF,0,0,0,0,0,0,0,0,0,0,0,0,0,-1,0,0
Antônio Barbara,S.Part.,PR,0,0,0,0,0,0,0,0,0,0,0,0,0,0,-1,0
